1.193731069285385260e+01,-2.188309891939631413e+01,-8.397634797229725834e+00
1.370288989271139624e+00,1.469772293298931887e+00,1.868735494054185509e+01
2.078392511342116578e+01,-1.568383043817271982e+01,8.539149935315736073e+00
-7.920209095671305377e+00,-1.689184109695254321e+01,-6.294252936521495201e+00
9.364272015286614348e+00,-2.886720199773360918e+00,-9.654121681091851315e+00
-1.058661215930454702e+01,-2.229296591742983669e+00,1.007723664156039867e+00
1.370481905110539356e-01,5.284555642864238401e+00,-1.586039901307958644e+01
6.415097888825783912e+00,-1.728150659182789184e+01,3.490827403623411040e-01
5.564056887769991633e+00,1.623689852256755728e+01,-1.897259947466498886e+01
-5.261055870103169774e+00,5.601355940011623957e+00,1.865241564730582979e+01
7.475561609542136665e+00,-2.418942368367456552e+01,4.672967983030675398e+00
3.836339198637128689e-01,-9.683096408176512071e+00,7.225908947099187962e+00
8.441911637981370120e+00,-7.186118189940434497e+00,8.775671003582818486e+00
-3.112772515015695518e+00,1.148009216486967787e+01,7.529095414118738283e+00
1.000653402755727894e+00,-5.097977312109460257e+00,2.156658112062048271e+00
-1.374933654625250412e+00,2.092312074873566985e+01,-9.383171672872732128e-01
1.259023854494768813e+01,6.180452528085397246e-01,-6.282973697312159711e-01
-3.207797540738812625e+00,-7.481858264939886816e-01,-6.353805469525079630e+00
-1.038368281147123540e+01,-1.669585335019805772e+00,1.321736863814625407e+00
8.930162554003308051e-01,-8.786162572161362760e+00,-2.122345507453819025e+01
1.913112603945063203e-02,-3.536493288992939021e+00,-1.584184718131150804e+00
4.505274122482366472e+00,7.313203598203520173e+00,-7.550231473712750940e+00
1.389176369859541005e+01,-1.099262154904041822e+01,-9.958113574148896419e+00
-2.128874349592012294e+01,8.867754779404256382e+00,2.328001286724143526e+00
2.124684149934450872e+01,-1.474300452538821560e+01,-1.786840973949621159e+00
-1.244441613854960060e+01,4.993257988793383895e+00,5.060987743572949782e+00
-4.568131739444945438e+00,7.224974292401427078e+00,6.029088063533674102e+00
-1.855851051800935236e+00,4.875399924026485365e+00,-3.732260914151525277e+00
2.575411597097320815e+00,8.831180206494643414e+00,-1.895924392570645622e+01
1.441059358837131299e+01,5.006188126541148975e+00,-7.262501781728576411e+00
-2.542993842285661277e+00,-3.335646846363526929e+00,8.960070137727338846e+00
3.680032206033417630e+00,4.810496663731817613e+00,-2.657727517298604791e+00
-1.190740986127931045e+01,-8.704407234348611189e-01,-3.156291793709360416e+00
-1.248286594446049236e+01,-7.959739922259983835e+00,7.121956721245562782e+00
7.424903939637605532e+00,-8.828947505161444553e+00,6.053691784478213656e+00
-4.719263499694484665e+00,-4.745920436899746520e-01,-1.705850304142804674e+01
4.496120805201799797e+00,-1.813880337492814743e+00,-4.646468840175667081e-01
-2.163372714530170660e-01,-9.200321698085158317e+00,-1.114918258003538121e+01
1.627465042476659818e+01,-5.791410462689537297e+00,-1.145984402961356707e+01
-3.295356717427178506e+00,1.037856465470938083e+01,7.788892022004608506e+00
2.140297877179314767e+01,8.480612588482488334e+00,5.839167265534853435e+00
4.276004388398938261e+00,1.005083171439599132e+00,-1.596585768469453015e+01
-2.397897614347259676e+01,8.898525991104692778e+00,-2.914843701709190604e+00
6.470222014120786902e+00,7.562576147424435291e+00,1.130583093108330939e+00
-6.116722323657519667e+00,-1.900961854905244763e+01,-1.102426784111857572e+01
-6.964075068847157546e+00,-7.664172514940500669e+00,8.748098314748997240e+00
-8.986263193778865954e+00,4.712453758593161623e+00,-1.088037351456488011e+01
-5.430193216445272419e+00,1.496910215490161455e+00,-7.287613313509904600e+00
-6.713802311441750881e+00,-1.235934168216137863e+01,1.344576678064560049e+00
2.562040249744887532e+00,6.547923878612822435e+00,3.790286180817584061e+00
1.248604888935846446e+01,7.473254654584416734e+00,-2.723079610550452223e+00
8.180100181755939559e+00,4.253666788486559547e+00,5.618723834480406909e-01
6.801079434260219880e-01,-1.366585954810558157e+01,1.394599832238751169e+01
-1.188909182946640275e-01,-7.555282614064390501e+00,-1.299055520959627452e-01
2.962004946744942302e+00,8.820601373042391558e+00,-5.061648903716879033e+00
-2.969812671737467324e-01,2.235891416768176043e+01,7.130900188111850113e+00
1.432259175527214046e+00,-8.704002356292267706e+00,9.516264212537089762e+00
3.770845058215151369e+00,3.022041001504521152e+00,5.889641358111207259e-01
-8.478982226995196214e+00,1.701448521678907921e+00,-8.279258912996759534e+00
-4.700569942531439338e+00,-6.983893447199504223e+00,-4.794630354014937978e+00
8.591338283605335135e+00,1.099521220278702138e+01,-8.685551635616860722e+00
-1.183239474753413489e+01,-1.061130996615018640e+00,-1.329349872778727004e+01
-1.738194336659357475e+01,-1.516030529616227973e+01,-6.555370324908801116e+00
-2.590628104375692242e+00,-1.119241531149829605e+01,-2.533685735600849753e+00
2.004211368266953119e+00,1.211946216969165135e+01,1.151290176633659179e+00
9.597555191813085251e-01,1.599715234737774061e+01,1.649970104695169937e+01
3.276346661045379527e+00,7.976003411685490541e+00,4.903982513614216998e+00
1.056404681739950391e+01,6.527600459083372719e+00,-2.896549910928614691e-01
1.131829419162778727e+01,-9.409686088410907701e+00,-3.569803962776390449e+00
1.315552043956575545e+01,-1.917706295487678503e+01,-1.342182429128366827e+00
2.233129300828192054e+00,-1.459477693000061649e+01,8.117202003961091705e+00
-8.837145918994686156e+00,-1.869550022864158478e+01,1.574972316156879160e+01
6.161314148325228168e-02,1.946486799970440495e+00,-7.284493539136663642e+00
-9.583432580839815529e+00,-3.485264995657571419e+00,3.293437627127470790e+00
-4.473750442210975287e+00,-1.491477894798283188e+00,1.190205628701383489e+01
-5.576658642763304030e+00,2.252639430606121707e+00,1.187759571740895748e+00
8.446509570692972702e+00,-2.730166395684344138e+01,7.981036014491145636e+00
-5.703735481142863328e+00,8.205720702369545094e+00,1.743050567366003634e+01
-5.044865322378427663e+00,1.595632464658271132e+01,2.881145505944067153e+00
8.355702130088242807e-01,1.175515879316658996e+01,2.786240813614648371e+00
1.049231343935563210e+01,-7.797889674670564375e+00,-6.932597210477310590e+00
-5.282804655155207030e+00,-4.261480684067535663e+00,7.666183141449990579e+00
-6.778107684547233447e+00,5.559668158342693900e+00,-5.721446178779705960e+00
-2.794181840948183337e-01,1.469173798975471001e+01,6.328834016498952941e+00
1.213333663647678407e+01,1.769669953896126557e+01,7.516293737610951098e+00
-7.888104980913768216e-01,2.151786754816919256e+01,1.653470593970449265e+00
-1.633572699239489268e+01,-6.263516224895864681e+00,-8.181398097941386283e+00
-1.880692294535934650e+01,-1.641572778320966819e+00,4.079377198270844218e+00
4.004560992036457989e+00,9.186141740874552042e+00,-9.212573082948075864e+00
-1.078832252273573289e+01,-1.171397702801872320e+01,4.127881658361786776e+00
7.336228029382507287e+00,-1.495141922205258567e+01,4.643652645646198174e+00
2.690457398408041989e+00,5.691316183292046915e+00,1.592322174263749623e+01
-5.002201766581165998e+00,-9.029722543341167196e+00,-6.726171280308443023e+00
-1.702863360222985278e+01,-7.782716602025549157e+00,-1.117828199165165515e+01
2.064768586668288997e+00,2.650799341151865995e+00,-1.005403832407561637e+01
-4.865012724374738973e+00,6.375488593924877989e+00,1.049086627894295276e+01
-2.716048896748393560e+00,-2.284813446764778178e+01,-1.352384945278361350e+01
-4.799749400316400738e+00,9.269646059656160286e-01,-4.355137017765074781e+00
7.769200651334439378e+00,2.171959119890576062e+01,2.505116258055577472e+00
2.012539252177496962e+01,4.415989513990824733e+00,9.411434921571656953e-02
1.431491833386962176e+00,-2.473822460907475929e+00,1.684702167250638816e+00
4.266454363674039740e+00,9.733257525680819811e+00,1.453733333889649426e+00
1.289529538524787633e-02,3.330063202671809108e+00,-9.012759119984851353e+00
-3.184308199104667558e+00,9.951164060132297706e+00,9.350604174817295444e+00
7.572873528534151966e+00,-5.310620261897309291e+00,2.242073163447056316e+00
-1.431186764662927935e+01,3.394311994226579365e+00,-3.858371628841940293e+00
5.071327649061657894e+00,-3.064416882894490435e+00,5.456453424577874856e+00
-6.309409464481056773e+00,-8.903390666554969357e+00,-1.161366066566845312e+01
5.188903906650796927e-01,-3.651684035521713056e+00,7.291268146243981008e+00
1.853773777414413626e+00,1.357029639396647624e+01,3.463531359746243599e+00
-2.832204468255784466e-02,5.574222764706647126e+00,2.162996595556654711e+01
1.365307839419255309e+01,-1.633284009640740386e+00,-6.654746831249714667e+00
5.886314110934502075e+00,9.635586531454524817e+00,2.325497549567753808e+01
9.048026021374866446e+00,-1.481259808891659802e+01,-8.240977840008950395e+00
1.615490179460068276e+01,-7.295593465507517195e+00,-4.403005450175549562e+00
-7.783323547901586537e+00,1.799537336805915189e+01,2.090628695048251551e+00
1.038828342720471198e+00,-1.975182883510289855e+01,6.148066443798617442e+00
7.513259723548983970e+00,-1.542755490132665841e+01,-9.680599150051651947e+00
1.602368744954432955e+01,-4.539034985074889228e+00,-1.857466290282787824e+01
1.444870911169791228e+01,3.930819688264320266e+00,2.954338759071289289e+00
-7.481015098045277867e+00,-2.748590195139836823e+00,9.359365854187918998e+00
1.238677474087565678e+01,-1.228420494511091254e+00,-6.219922587429308258e+00
3.812432927137059835e+00,1.582408813353608945e+00,-9.961699270837975462e+00
1.979925393443686943e+01,-1.316349229551902411e+01,-1.107274561158800097e+01
-8.719447342904349085e+00,2.028593891889788559e+00,-7.156606947157285958e+00
3.478460684430965788e+00,-1.895703176575552362e+01,7.236378201522185805e+00
1.003681783292628182e+01,3.529491582177404219e+00,-1.392274705866628493e-01
7.690056324483419692e-01,-8.878352449878793351e+00,-9.374832521420632503e+00
-2.018424463305515815e+01,-5.064503711219266791e+00,-6.696677260364890749e+00
9.760986830203991715e+00,2.168291543588441073e+01,-2.940925115032092663e+01
-9.353868824740843024e+00,-7.258851249638130554e+00,-1.004909208722063241e+01
-4.458487509125379944e+00,1.172655264141934062e+01,-1.044367237303929663e+00
-5.272710761908099286e+00,5.758092758948150980e+00,-7.380109301687031831e+00
5.619241592886913494e+00,-1.498023528462558218e+01,-1.389445278895412583e+00
-1.972161898596243579e-01,-1.337539933826647420e+01,-4.890955676493255133e+00
-7.341976540091809111e-01,3.639229615500212844e+00,1.241116315625864219e+00
-1.146805266555796177e+00,-1.423684146969072017e+01,3.355274420911992905e+00
-6.068307448911794744e+00,-1.362583040105318055e+01,-1.351160038676763087e+01
7.967343865971172612e+00,1.019865597816757230e+01,1.004904979167497103e+01
3.377093634852450066e+00,5.338284449289077749e+00,-6.479874513866827002e+00
6.599522802647991071e+00,-2.402518563966849818e+00,2.982141554676939421e+00
-1.812561489292080097e+01,1.818282494144046169e+01,-1.074352297868033901e+01
-3.673111127966519618e+00,-3.909545386156253244e+00,-1.919945011261956491e+00
8.894651969739943098e+00,1.577042832790123583e+01,-8.928411945690001517e+00
1.020878626543592560e+01,5.684910568914485651e+00,-2.532885509734501106e+00
-8.438358418796322979e+00,2.403864267164593116e+00,2.739189130459566135e-01
1.755539419078474594e+01,5.289346166315713305e+00,3.494748403978716222e+00
-1.042437434814188180e+01,-6.391798355703413037e-01,-9.290959654233102327e+00
-1.290876483756039050e+01,-2.671285723526745648e-01,-1.186819876305586607e+00
-1.404956898658328335e+01,-5.624884559352672397e+00,-9.449466399003063621e-01
-6.415774617125218349e-01,-7.217109247125062410e+00,1.083500052098094635e+01
-1.484276567087525578e+01,2.510836293253326801e+00,1.031502658403839945e+01
-9.910066166549671429e-01,1.144943844080471784e+00,6.116993904866002474e+00
-1.458080237849753225e+01,2.031848650585302174e+00,-2.454188300900537101e+01
1.113931105473139382e+01,5.595378516121282786e+00,-7.191713897824441037e-01
4.566144514560313894e+00,1.270130907120115538e+01,-4.046050460654652348e+00
4.525973154791105735e+00,5.389420076897676104e+00,3.128629421673136513e+00
4.658090971624798016e+00,-3.069945500080437206e+00,1.998462914376829858e+01
8.741910157997946129e+00,-4.530854021917793517e+00,-6.613806101285831573e+00
-8.233834569691220739e-01,-3.451557149037605576e+00,3.971868288011259018e+00
8.222882342657685584e+00,-5.281243981723385161e+00,7.552105615956420159e+00
1.203874611281887219e+01,-3.293312747172920663e+00,-2.907187832574448905e+00
-2.674260115796829762e+00,-1.655115575606443734e+00,1.285550106472389231e+01
-9.082386110466465823e+00,5.232649337678600965e+00,-2.045160306878999634e+00
5.842213782297851488e+00,2.852874446801963448e-01,-4.227707342043610872e+00
-6.596740011346485133e+00,2.689479284692056993e+01,1.988215358508623076e+00
-9.839257170434894118e-01,2.667060357804131865e-01,-1.214376238475148639e+01
-1.397382427364973623e+01,-1.851217065890812918e+01,3.782234120965713320e+00
6.996920103737441110e+00,-7.215747634267630772e+00,-9.252014489851932311e+00
1.852182734514706297e+01,1.375407505432008293e+01,1.613804242443342085e+00
1.442763245901293789e+00,2.794067001212679341e-02,-1.811114272374426548e+01
7.701637730601134102e+00,1.028591688537984616e+01,-9.051019342887000718e+00
-6.006317998484298926e+00,1.271844236692312791e+01,2.005832398620241008e+01
-3.758777004086897744e+00,9.739784332376713039e+00,-3.637802152658500709e+00
1.204013782354247386e+00,-2.423614079361922080e+00,1.928856045091669458e+01
-8.794185371217913882e+00,1.518651608926558705e+00,1.536796399429483984e+01
-1.144266975170406209e+00,1.572411430440313751e+01,-5.314820318493531204e+00
3.450652588565142231e+00,9.160123410297426716e+00,5.528933318461603380e-02
-3.753077222330128304e+00,-5.331694019385880168e+00,-7.578361153914386250e+00
-8.089550851188798131e-01,-3.574411849303778421e+00,8.807490930186656186e+00
1.336305381923033764e+01,-7.892714880701150904e+00,-2.128092710952662614e+01
9.956126766261849781e+00,-1.690170784152270755e+01,-1.184578622610935739e+01
-5.317929415890201739e+00,-8.761304775768341102e+00,-1.097665806868819871e+01
-4.845825877529625458e+00,6.280400175219186920e+00,3.527272193217733331e+00
6.392131100180868941e+00,9.651671626497654088e+00,-1.516203903841991663e+00
-2.420858705089374396e+00,-4.733299653494235315e+00,5.883548341445666630e+00
-3.831854666201912618e+00,-1.016149929954590192e+00,1.416941195016525512e+01
5.855621973026626570e+00,-1.058503334726236034e+01,-1.901223561071482848e+01
7.224784017324466845e+00,1.505308525100828199e+01,2.583793074455662087e+00
-2.613284016546315058e+01,-3.578385155817154217e+00,1.177016136841743332e+01
6.039169177632819796e+00,1.739050887843882975e+01,-4.326314044943677217e+00
7.346364834330358917e-01,4.595969723179758937e+00,1.104325668764750912e+00
-1.500892402270992132e-01,4.384175943635251649e+00,5.634275415620130900e+00
3.653182674205694980e-01,4.995957422418635829e+00,8.975319729865375962e+00
-3.969811727999339457e+00,-7.548487064053573725e+00,8.866597325357077342e-01
-8.099342925422259754e+00,2.128873369368268698e+01,1.399549922172257155e+01
1.034676436522354948e+01,2.711947922139921641e+00,8.072697092400813901e+00
-1.391213290829376703e+01,3.233172173749825351e+00,-7.005969989630687955e+00
-9.812810028747566804e+00,-8.360721262202114090e+00,1.330677749475628957e+01
1.385079817806169844e+00,8.776645978423669447e+00,-6.999184228925903195e-02
-9.602844691352347084e+00,-1.114854956271570607e+01,6.491528795814805797e+00
6.387461911443569562e+00,-1.450148731252829037e+01,1.347879748696591307e+01
-1.789941371703886830e+01,-7.617481096962482212e+00,-3.400653102565632580e+00
-1.386962602094596164e+01,-1.586274188699681398e+00,-2.397533072334015358e+00
8.898919831530015756e+00,-2.045815171748731842e+01,-5.748805617277469082e+00
3.594834866417322417e+00,-1.465715658898869833e+01,-2.756663106331467272e+00
2.097631123256667451e-01,1.080883982158849399e+01,7.313774366979055586e+00
9.185030745450763590e+00,1.280052582014964968e-01,1.871056785376912046e+01
-1.175846263391587776e+01,1.326402260072475769e+01,1.790278505831471634e+01
-1.633315642965966763e+00,2.072592088067239047e+00,2.159693806675657246e+00
-9.016549851900899526e+00,-6.003111290178397397e+00,3.289082110900904965e-01
-2.836491215927229970e+00,-4.872583861680922723e+00,4.085649497233494465e+00
-9.337680733401512612e+00,1.515620885998571055e+01,-6.370127857699509732e+00
8.027258285421272621e-01,-3.308510866149339336e+01,2.005285480101494855e+01
5.183295570223461546e+00,3.696720548964187003e+00,5.738956387903861867e-01
1.479710166416650452e+01,-1.068181620385951991e+00,1.247818559028444518e+01
2.012106140802968923e+01,-1.141059550667229594e+01,-5.883340173305696474e+00
1.141803400774098165e+01,-8.373138376499812408e-01,-4.477846040566590524e+00
3.682573496415499914e+00,1.691376454537697782e+01,1.012775429842226771e+01
7.378718493387355082e+00,-1.401825763632271560e+01,8.088446935115934266e+00
1.667768982860986782e+01,-5.391636831199420499e+00,1.100065462148990392e+01
6.129992601070210156e+00,-9.969598406943596558e+00,-4.747062377413296730e+00
1.246911453903523892e+01,-2.675832090163063892e+00,-3.308420809393856388e+01
-5.974073311765519811e+00,-1.567747531133095329e+01,-1.030574373201668692e+01
1.382843054263245719e+01,-1.715182107734021688e+00,1.325935855867867552e+01
-2.022216071424439224e-02,-1.269793391128914983e+01,8.986761803752475464e-01
-1.829148841641711343e+01,9.669190205108552760e+00,7.027493646472505517e+00
5.965110267406529942e+00,-2.615127301410175686e+00,7.890871231144876319e+00
-9.724304903155319479e+00,1.208921968184594142e+01,3.223855926414420026e+01
-5.224876739818025584e+00,9.017160244448319872e+00,5.536873097888836526e+00
8.487375459655307708e+00,-1.557798720600285058e+01,-1.661969020514894879e+01
6.475443330027489175e+00,-4.655326095973185474e+00,-5.106272540559869677e-01
-5.931670445965257166e+00,3.656012679650110009e+00,7.123560661814847705e+00
3.174319534479799643e+00,-1.689097212569248185e+01,-1.327798840859115259e+01
4.266718735146493913e+00,-2.042861784606005315e+01,-8.430342296880393604e+00
-9.394629801644917677e+00,-2.224580196809682064e+01,-3.953111702669618754e+00
-1.112122782114511033e+01,-5.013188614122846332e+00,1.038001496597021678e+01
2.864153790242495168e-01,8.814126109110171470e+00,2.422082587766017259e+00
1.871111917006700542e+00,1.245339566959313871e+01,4.882175923531827166e+00
-4.675299071123112604e+00,1.870503451516210891e+00,9.790402377860411676e+00
-2.241062723241914245e+00,-1.537608907084252152e+01,-4.778016972798417861e+00
-1.515564896849652499e+01,1.219507771172121124e+01,8.689485819620127671e+00
-1.339713091427741887e+01,1.503033925448101371e+01,-6.279966828327103734e+00
-8.524207573196989074e+00,-1.209208639542996400e+00,1.880916438064507190e+01
-1.578825864864790773e+01,7.114895962462769674e+00,-2.001392989965165903e+00
9.216373438065243562e+00,1.168554624299810385e+00,-5.835689775355771047e+00
6.965508271194024381e+00,1.043284293840966725e+01,-8.580968569334070928e-01
-1.458215139146659389e+01,2.819953685338412441e+01,-9.920796148729587927e+00
-1.161689492013716318e+01,7.554981752138512086e+00,4.296773272122791809e+00
1.176908333029771647e+01,-1.468706051512721267e+01,4.692796782357373964e+00
7.286653445769798232e+00,-1.515358471532835161e+01,-8.862986624692934967e+00
-9.757289748211256608e+00,1.223373100205525077e+01,6.842695554515222156e+00
1.968120148563507588e+00,-2.161901800437714272e+01,-4.910303383889682571e+00
-9.923791702058294695e-02,2.977632882029101591e+00,2.601490200281377341e+01
-7.815216691249663228e+00,3.076737238890031811e+00,-1.273028043925808461e+01
1.185000937917777009e+01,-1.204486590729449702e+01,-1.396714269577799206e+00
-1.147603622382782795e+01,1.987640176303258599e+01,-1.204920034323345490e+00
-6.962276689788664541e+00,-6.672129794499235267e+00,-1.418734615393008713e+00
-1.101926152380503865e+01,-3.012270899825668646e+00,-1.518728417824236399e+00
-1.663952712812563206e+01,1.266256217886671820e+01,-3.496637510901284163e+00
-1.094569289898819342e+01,2.363802369349919719e+00,-3.224414335515815822e+01
3.250608692210576578e+00,-5.824569318509606575e+00,-6.405330535692451477e+00
-1.710362860094993920e+01,1.307954634275464656e+01,-8.202779654943189058e+00
2.943030605443810455e-01,2.724096405205861160e+00,-5.581656232950470198e+00
8.176282553404700337e+00,-6.074144375157361608e+00,3.415725527348630663e+00
-1.610063002101869145e+00,-3.373989517124275750e+01,1.121268982244283174e+00
2.121667406190307048e+01,-1.047807468085362892e+01,5.213676346598971278e+00
3.797833519284630199e+00,-3.618748421956746064e+00,4.559478959414352772e+00
6.922357911132090980e-01,9.287736599295463691e+00,1.649288583513391160e+01
1.967225166781825019e+00,9.396716719851651689e+00,-1.583198408229344434e+00
-2.004153753632250901e+00,-3.943620155300862073e-01,-1.123289537297610607e+01
1.176340919236003479e+01,-2.884988097192087597e+00,-1.217842147521434448e+01
9.317254104189121477e+00,2.209102788519401006e+00,6.567624323023708577e+00
3.895060117138103628e+00,-9.978005578066802883e+00,2.292099448658035943e+00
6.498992578102290807e+00,1.902012865624778470e+01,1.018415113377736958e+01
-3.176647368752731904e+00,9.670336184303815585e+00,-9.831003783981490107e-01
-1.432946739780386380e+01,-1.885679741861317638e+01,-1.532854459710522255e+00
5.200083670048364581e+00,6.588867083952428594e+00,1.913701388478611376e+00
-4.039473171882812963e+00,1.743799000336006699e+01,4.897062622101415741e+00
-5.094905147012078750e+00,-8.924158543978290004e-01,-5.841353393632974011e+00
1.961757566226447064e-02,1.449233774748659220e+00,2.048820350280832869e+01
-8.471015041240907095e+00,1.818118914673680919e+01,4.018849149728013437e+00
6.297231251154279619e+00,3.634386860674352349e+00,8.226828090415427397e+00
6.985914546522753454e+00,6.286444913144242364e+00,3.100003443703449602e+00
-6.326109654032705532e-01,6.849010401677066540e+00,8.967787920060629858e+00
-1.251508497106318352e+01,1.986608541111861026e+00,2.715208649650837636e+00
6.488113509839155135e+00,-9.863010197740440077e+00,-7.274648129637739657e-01
-3.054379754014260318e+00,-1.955878876462745453e+01,7.393657453360695797e+00
-1.520917917975371303e+01,2.334820779367078991e+00,2.991302775448973605e+00
2.699026940533246766e+00,1.698991456882438023e+00,7.188138985779625401e+00
5.606767925814793330e+00,6.992098333729311221e+00,1.031715776530628403e+01
8.603386360741255956e+00,-2.137863556493530215e+00,-4.570625895713563480e+00
4.469898889330708336e+00,-2.109985432679786665e+00,6.908362952602447926e+00
-2.161359873158894995e+00,5.048921513757623991e+00,1.269965357115595772e+01
-6.442701879175048774e+00,-6.893091173552901907e+00,-4.937966734935948843e+00
1.122682738579314332e+01,-8.355478725493101777e+00,-1.146220109570044343e+01
2.008785370882665688e+01,-8.039531134882516028e+00,-1.555391007949666005e+01
-4.377586609480848878e+00,7.093122557242717896e+00,4.726624454045910362e+00
1.423507576231621385e+01,-4.449489863452462224e+00,-1.274706568629874148e+01
-6.307688572703931129e+00,-1.290995007559272523e+01,5.992819175846979540e-01
-2.012700962862119525e+01,-1.091485697921840092e+01,9.240577620222531152e+00
-3.227658044256491721e-01,-2.224470686754130178e+00,1.871446989101204661e+00
-8.985607175067965580e-01,1.899784297398617028e+01,7.520606088747116225e+00
-2.194424385591752902e+00,7.094480294669578413e+00,-9.191755723647617060e+00
-5.373182327270233927e+00,-1.596462272198004584e+01,-6.206134615572375779e+00
8.684098956585960538e-01,-9.519753153059655304e+00,1.579227850710794634e+01
-2.580270287688311015e+00,-1.334710807520316500e+01,-1.427672780272867747e+01
1.105247908449253735e+01,3.668003052881462778e-01,-2.806223626032531282e+00
8.721428806237413456e-01,9.871931620446398270e+00,-3.497887921435782310e+00
-1.973646295080710766e+00,-1.108635574634304177e+01,1.160523289241134037e+01
1.440518507293514272e+00,1.726539744289876310e+01,2.690635849552722192e+01
6.071163476680304427e+00,5.995853445727689746e+00,-9.549176045597882023e+00
-7.654205850643204911e+00,9.232584514384900132e+00,1.607377329052456505e-01
-3.855677838159293769e-01,4.191818881541191644e-01,1.380642720898317188e+00
2.371467578519658392e+00,-1.588243391416799533e+01,1.485222688010713910e+01
-2.073670455530870704e+00,6.190080578105506826e-01,-5.738316988461805934e+00
-3.515923746517403359e+00,-6.122843082883127508e+00,4.001268231079854409e+00
1.007665278489967342e+01,-4.455603445327474432e+00,1.497429916621328339e+01
9.359301172471029551e-01,1.036861413634376916e+01,1.149754196508077975e+00
-1.310127838937406253e+01,-8.012410856427681694e+00,5.081869048758615115e+00
-1.034858247670634235e+01,-1.220565477467832949e+01,-1.405325789117180868e+00
3.010187565372339780e+00,3.460551419950680163e+00,-1.267518083071255752e+01
-3.532732811669664130e+00,5.345755348097246396e-01,3.911243238932677890e+00
9.042898094994569647e+00,-1.142675721319511339e+01,-1.571360884085844667e+01
-1.304927465456992941e+01,5.075827112297081278e+00,6.092186050748741977e+00
2.101389125547388659e+00,2.583181706257166255e+00,-2.231887131702173477e+01
-4.548766135978784320e+00,2.456227040060081634e+00,8.430536981682736908e-01
5.317979246522563486e+00,1.130398461373328445e+01,2.793699417034067878e+00
2.678588950216929110e+00,-4.921895334467296657e-01,-1.015830747141862034e+01
-1.136654455942179354e+01,4.887317813656809840e+00,-8.957512649652357162e-01
2.901778356947984250e+00,2.040510967968871991e+00,1.737648623760827249e+01
-4.016064862196357055e+00,-3.505852974610959905e+00,1.287577264813065003e+00
8.279812555907033911e+00,-2.451498168517451948e+00,4.957963805520409828e+00
-8.978351987912873255e+00,3.719439979552844555e+00,-1.333169432134364563e+00
1.451130491461121164e+00,1.201591557913239505e+01,-1.148989786452680306e+01
-9.690983556064814763e+00,-4.685629796564263039e+00,1.492329776801351038e+00
1.726255696505777926e-01,4.087086281294023848e+00,3.088541881072661255e+00
8.006160379729843513e+00,7.537844668187188901e+00,-1.041297992885014345e+01
-1.597735346608483153e+00,9.213746036841360620e+00,-8.310869287640187952e-01
1.207304412513747138e+01,3.677220643858931215e+00,-1.336799678097522559e+01
-3.217519523528378045e+01,-5.546590858674825597e+00,-5.087432060011031432e+00
4.848236162111055236e+00,-3.056428340274012001e+00,-2.991336646218837103e+00
-2.066036533641870676e+01,-3.039219757688746526e+00,-3.548557303064713953e+00
2.581094727963547442e+00,-1.807144716038337151e+01,-4.999468595178038655e+00
1.693714859077068979e+01,-1.482305706582358695e+01,-3.217481980591128554e+00
7.894905252083511016e+00,1.927371554948942300e+00,2.238698376274993507e+01
-1.010828972940391646e+00,1.645189180770338488e+00,9.969798231325157190e+00
9.247065565074487736e+00,-4.832606134038226919e+00,-9.215014135885615687e+00
1.756739661415797826e+01,1.236199187471712335e+01,3.702618460470212813e+00
-5.197933640466897209e+00,-7.302136898802965348e+00,5.346498442840974974e+00
-7.786062570047104003e+00,-1.096224984697953486e+00,6.074990028020534005e+00
1.322625185021010630e+01,6.503398255994799482e-02,1.020179324389141229e+01
3.439243188861386802e+00,7.211457080468796299e+00,-3.494139926736761215e+00
3.033717019695418404e+00,1.121254672274422548e+00,-3.153625341172351071e+01
-1.528899722602243649e+01,-4.352854956264073039e+00,-7.913584996050918363e+00
-1.246632457388408355e+01,-1.203557081487926084e+01,1.471730094191483929e+01
-7.260752784941888471e+00,-2.449384872306613659e+01,-1.644468188188984570e+01
-1.437878977218950816e+01,1.052691083115469262e+01,1.302215905985850064e+01
3.735952825227661478e+00,5.474647351054060529e+00,1.531009326627553335e+01
-3.026226081545992930e+00,2.364902176569631642e+00,-4.336999685588796893e+00
6.885894145484110496e+00,-2.444281143291247460e+00,-1.000001373718356668e+01
-9.558950610295801065e-01,1.088793265591271009e+01,-1.018892265863932778e+01
-7.916083285760310062e+00,-2.300567044844608056e-01,-3.318792474011250881e+00
-1.554200301847743049e+00,2.303385436106975437e+00,9.797225839511557455e-01
-5.391867761563550410e+00,-7.879437053490252474e+00,5.621798802474195611e+00
-3.756414810697672024e+00,-4.572805101517324999e+00,-3.857527705654400396e+00
6.909748774433261964e+00,-3.336815415285782294e+00,-8.878346453174794206e+00
-1.007611913098610579e+01,7.749041693461247604e+00,-1.534183203819918795e+01
-4.917692393217529268e-01,7.846898318995624066e+00,3.008123787164762586e-01
-9.226959242239834325e+00,-7.705617628774451555e-01,-1.342571650449618792e-01
-6.812367386571747119e+00,-7.262358200009140674e+00,7.149276196381961768e+00
-3.684666019715700180e+00,1.170403956971472681e+01,-6.399759619308924563e+00
-8.203390079094672327e-01,-3.399895136968228648e+00,1.177712624705342748e+01
-5.623145236830086269e+00,5.758507076540649194e+00,8.255634994967046225e+00
5.562681777233159153e+00,4.950435304846908302e+00,7.822949921198880219e+00
-6.329304388332372966e+00,9.642353182930293087e+00,2.078434095476317722e+01
6.433622885196247587e+00,5.117044752612212477e+00,4.323810794614273867e+00
-1.267390534636206034e+01,-3.794614806196920931e-01,1.632543533894132892e+01
8.020690708841904382e+00,2.995546346280907102e+00,3.113548606221782755e+00
1.472127800084883420e+00,-5.625370523748501661e+00,-2.771642088445396279e+00
-1.062432020722722292e+01,1.867144834375424889e+00,1.205345271591056822e+01
3.542122511815993136e+00,8.447074020666573091e+00,-8.986226997390833304e+00
-8.588969401615647925e+00,1.020709304177597332e+01,-1.021001582507144967e+01
1.009001544212134860e+01,7.641047402678630140e-01,-9.507009551694102001e+00
7.147806743375344496e+00,1.649147157411949616e+00,6.842118601697617208e+00
-5.697691146511115745e-01,-8.764712750665186292e+00,1.983552764495235010e+01
3.314206788805218462e+00,-6.436486993390635902e+00,7.102387878089037265e+00
-1.141569604699992091e+01,-6.026892391886380373e+00,-5.814589174693133522e+00
-5.207249386804441826e+00,1.114471745996980090e+01,9.836317447449516749e+00
4.074300053667642807e+00,5.659486353558524918e+00,-9.876973180966180266e+00
-2.339335669114245952e+00,-3.611191780359550130e+00,4.973214354826347439e+00
-1.012814769407751925e+01,-7.583505895873770442e+00,2.644102559161661148e+00
-1.891454701938911631e+00,-5.959825157681464702e+00,-6.802663063753993988e+00
-1.694977955679842907e+01,-1.365555626524755084e+01,1.108646427260757683e+01
4.867661122258337691e+00,8.769839655653875354e+00,-7.324684910723914477e+00
2.105491530627783803e+01,-1.930330764943231969e+01,1.068874698628560083e+01
1.643266491577354671e+01,-1.197648558798303009e+00,-2.551090435497542330e+01
7.749441680101740726e-01,-3.109324494586457099e+00,-1.546203515192889011e+00
-2.135396347390057514e-01,7.728630039017241771e+00,-9.228058201282083317e+00
2.105090383553433497e+01,-1.837753722482607799e+01,1.803026009054247680e+01
-5.278095983435573402e+00,-2.740422622399323771e+00,-1.903497919773879721e+00
4.904316974414273389e-01,1.308517116276145309e+01,-9.058871259189967162e+00
-4.707931086427023182e+00,6.004276519218639585e+00,-8.388067387582520240e+00
1.947175104306601012e-01,-9.502972710174296678e-01,1.930556761341214411e+01
-4.741996216239062534e+00,-3.652169004707380928e+00,-1.294641138653039469e+01
-1.980305162186049373e+01,-1.657620668850584877e+01,1.554913464929495959e+01
-8.572926006455108827e-02,1.793800772428863599e+00,3.290504895373902450e+00
-1.008655339003481366e+01,4.427865665010900287e+00,-3.797514673533334939e+00
-6.629723326140717354e+00,-9.788941432394598907e-01,1.970425389067181898e+00
-1.022385079184988932e+01,3.728478924263915140e+00,1.191156332781847560e+01
-1.678064463248833249e+01,6.702695858148295827e+00,2.872312144784196608e+00
-3.031599326799716465e+01,4.880452664686091069e+00,-6.610481863654552370e+00
9.608020625636060075e+00,-8.394826622220548096e-01,7.629077041046574692e-01
-6.153892953935420351e+00,4.737264993536301816e+00,1.012936146553525063e+01
1.078664555787689316e+01,-1.614262242002981651e+01,-6.333437513776335237e+00
-1.954438901156193564e+00,-7.037234310348370769e+00,-4.452543625737268584e+00
-2.804260256540308305e+00,1.138917321847526054e+01,-3.276565477114254499e+00
9.018138039753422319e+00,-9.613780945881874374e+00,1.208644227849632991e+01
2.417546232148869123e+01,-2.916539704568565927e+00,-5.475233850941922498e+00
-1.925067700269204929e+00,1.557376495043399700e+01,-3.790503364602081149e+00
1.349335810782739120e+00,9.336461073634117369e+00,1.557566829036841227e+01
1.745227132411193338e+01,-1.149847675085259979e+01,-1.190322618841137015e+01
1.652355251382094181e+01,7.762053035461709882e+00,4.052064356933310130e+00
4.544181152386293832e+00,-1.140805732624210478e+01,1.030354128967754335e+01
3.544591353573803172e+00,2.457745300263352561e+01,2.964124056093495163e+00
-1.350229478040644437e+01,1.715736445453133419e+00,4.010767166093084590e+00
-1.873494948898117229e+01,4.753491158517860526e+00,2.441857233572658270e+00
-9.741197208090905946e+00,1.113151447271898675e+01,1.779312320472417941e+00
-6.003146546570864217e+00,1.939587658312440155e+01,4.329249277318927724e+00
-3.987588322041559330e+00,2.311258010548784014e+01,6.209751815121231644e+00
7.510488252314056368e+00,-1.817208136638496541e+01,-1.425897522865992251e+01
-1.005825960083558357e+01,4.992728754770162425e+00,8.011288395600434598e+00
-4.699291197888762817e+00,-1.123864336011762610e+01,-5.288507819255512388e+00
-2.070684842482722132e+01,-6.061609396183004206e-01,-1.128446779048729809e+01
1.084595875042073387e-01,1.180761388288532210e+01,-1.652972981537862296e+01
4.188165929567663426e+00,-1.160949434424801030e+00,-1.804082607004644601e+01
-7.924774076733788419e+00,1.746214688311961538e+01,-1.628780453081193613e+01
8.519058825410333213e+00,6.132261380633909020e+00,3.335566625033964394e-01
-4.183945554742271256e+00,1.287023764762212075e+01,1.757167925274944142e+00
-6.177790362871534491e+00,1.697988339761420917e+01,-2.860127301373474928e+00
-1.838492232918086700e+01,-2.200258018633963175e+01,1.083776155168077615e+01
-4.280989158244796755e-02,1.307176456468728709e+01,-1.104004396289738921e+01
2.967370593009929003e+00,1.265125478551840654e+00,-4.889961846910281018e+00
1.754275519806405725e+00,2.053482624098274201e+01,1.321378054837342653e+01
-1.207356629723628849e+01,-6.707371595827379629e+00,-5.276594154894636901e+00
2.440492486295158869e+01,-1.477419402385765856e+01,-5.416134128617694721e+00
8.383661494650976209e+00,1.907476940277402733e+01,-2.515965941699032093e+00
3.473305903542123207e-01,1.586069311800514292e+01,-5.617845983996600623e+00
3.797671595813464585e+00,8.547739233228169864e-01,-5.734804313482491089e+00
-5.455150142768401267e+00,-3.182400615789730658e+00,-7.990911013396213569e+00
-1.096846293717044452e+00,-7.763418577427193767e+00,1.845685373585886779e+01
8.024887454835868184e+00,-1.627957882728774308e+01,-1.214116127274988699e+01
1.655933799504112625e-01,-1.747704501876134797e+00,1.593811549557301888e+01
-3.663450019591247830e+00,-3.190554613980448373e+00,-1.001200173823398387e+01
-1.692501431124260591e+01,1.835365340880689367e+00,-1.152953363896436656e+00
9.321107267204594038e+00,-5.616268127060099147e+00,-4.862172258390172530e+00
-8.379951440920281769e+00,-2.509986165464550467e+01,2.107682500061800823e+01
2.276241930788505385e+01,-1.676470800585723708e+01,-1.907095544596163705e+01
-1.001118508623187964e+01,-2.045035931077482871e+01,-1.836226044485638198e+01
2.517760678725560641e+00,6.299572834493021745e+00,-3.849398896610259357e-01
-1.260639746656074678e+01,-6.411394007650738303e+00,-2.809366737993177487e+00
-5.623423425775574636e+00,-5.539543542660335440e+00,-1.028222408486740491e+01
1.395192660837906828e+01,-1.076189495158743181e+00,-1.114912829084875545e+00
-4.562969289179689802e+00,-6.589336831053222987e+00,4.953327950906421528e-01
-1.608202303152996038e+01,7.814328780090409765e+00,-1.027993605869772686e+01
2.588359834774405677e+00,-1.400593215884560294e+01,1.918487280131325079e+01
5.280621120106875566e+00,5.396584387176109665e+00,9.617522163488077425e+00
9.048350374031047139e+00,-2.342062849134281066e+01,-1.509074048482737496e+01
4.634990187111111659e+00,5.806465906724472603e+00,6.773123836737506842e+00
-5.829431046332340660e-01,3.269000703538508912e+00,-2.253395122071013112e+00
1.124517704485683822e+01,-1.781439079130262781e+00,-2.451014981047354979e+01
1.423623441371929843e+01,-4.696437849344970772e+00,-9.033482344285525656e+00
-1.013121748844292824e+01,-3.579063558728694527e+00,-2.368251279308386970e+01
1.588291403331802742e+00,-1.806751656545832807e+00,5.034076435631787305e+00
1.412684907612977270e+01,1.018520028808543820e+01,-9.230241621187175838e+00
-1.503489074748700860e+00,6.671063497104854356e+00,2.155485097860299515e+00
-1.246339197222513562e+01,-1.098784191509190489e+00,-8.141046679977359091e+00
-5.397502373634950334e-01,-3.195003956662892275e+00,-5.416738965198540257e+00
-1.436599359524367614e+01,6.165692478654141162e-01,1.353872937473043825e+00
9.997710057190477784e+00,1.711623992801751593e+00,-3.084721277502879389e+00
-1.672654541084119373e+01,5.916717308557327470e+00,-1.174935656274432461e+01
-1.899454488278879083e+01,2.289666515947963532e+01,-1.142591863428878973e+01
-2.890991010696365215e+00,5.767465103781201030e+00,1.075156271225000992e+01
3.424766403826408734e+00,-1.312617325477493502e+01,8.008162015716088433e+00
8.474712344689699250e+00,1.793464443876761294e+01,-7.795261125518935241e-01
-3.577904760330757217e+00,8.155726366893627954e+00,-1.021692554221527827e+00
1.109910415299244058e+01,4.610913063567656067e+00,5.130797219464097836e+00
-4.347395250136075084e+00,-3.155447931009926599e+00,-1.999381201968303046e+01
-4.836867644707954383e+00,2.889333111342244464e+00,-1.095717905206817377e+01
1.337472719251574560e+01,1.597514167591688050e+01,-1.017427658993089956e+01
-5.329019510751549227e+00,8.284710420399079567e+00,1.778973664489937434e+00
9.731506887711894649e+00,-2.247663828081574611e+00,2.574508061272398507e+00
2.235415897004448649e+00,6.823898379361585498e+00,2.740797086856252118e+00
-1.027943626766465002e+01,1.211536205686691048e+01,-1.072526201160392922e+01
5.957059578178875991e-01,-7.631748858401113722e+00,7.803572875573538958e+00
7.809399953481243273e+00,-1.347426530003966949e+00,-1.274028337064229177e+01
-7.262578122076217113e+00,3.305617563653249658e+00,2.049642410943973658e+01
-1.492434234565626294e+00,7.393066363486352266e+00,9.557468108145144470e+00
-3.157390645647115690e+00,1.706961802441582066e+01,2.277451471921317250e+01
8.932414328726561159e-01,9.090657575703350091e+00,-4.076656515112698775e-01
5.612602386415028732e+00,2.057320014182155432e-01,4.624352257529741550e+00
-5.556740635498896630e+00,-3.427481354056066465e+00,7.250390379095936755e-01
-4.906992155189335847e+00,1.560241678543082600e+01,-6.166489409050093684e+00
-9.778321481139439442e+00,-1.174617095843315973e+01,3.592376229165059609e+00
2.187104393344610820e+00,-5.226378980673201724e+00,-2.949138763775517980e+00
2.865747599158786940e+01,1.739366217958071559e+00,-1.803951325336259348e+00
-2.253244613138564034e+01,-3.819096061564573485e+00,-1.386991906327762258e+01
5.280914038289322932e+00,-2.116574033286972423e+01,-1.065270545601221919e+01
5.698476205301928887e-01,2.976377722240748014e+01,1.208356651855370778e+00
-1.777043162139890242e+01,1.151053929118827668e+01,-6.910486221764084114e+00
7.876335133865406846e+00,-1.910454757182840169e+01,-6.632384061368268746e+00
1.723623349666151583e+01,-1.037996212345402824e+01,2.769127041383969257e+01
-3.522568415525156205e+00,1.166997670485478800e+01,7.926634429435099882e+00
6.937447469814207679e+00,8.137175275795659246e+00,2.442783324275949131e+00
-2.767594024018772636e+00,6.665866571449542421e-01,-5.622775829248753965e+00
-6.370068161844869792e+00,1.654040307341682237e+01,5.794320335519214105e-01
1.400042918082993992e+01,2.417497817001849292e+00,5.384329852103157066e+00
2.833475712486354325e+00,2.030434142825086941e+00,1.306898175941282103e+00
5.828193800303878014e+00,1.997968831450026173e+01,-5.048577787326916422e+00
1.568918917252756984e+01,1.762105927145592776e+00,6.132783445784813381e+00
7.334614028146715370e+00,-8.950023131328148196e+00,-2.467513209592317569e+00
4.258287294871128559e+00,-4.237975660686688961e+00,-1.365280062203377121e+01
-4.227918099235699501e+00,-1.860194598409328748e+01,-7.440603230223764797e+00
2.393890792129603184e+01,2.252864276820755407e+00,2.081980988656698450e+00
-4.477018229437835117e+00,-1.707803533809186813e+00,8.470340584174943288e+00
5.133864773188768771e-01,6.315980557179513788e+00,3.149236104468897679e+00
-5.090564817792059493e+00,-3.315100883706063595e+00,-6.684752781436976932e+00
-2.440421153818357780e+00,-6.851139782136127510e-01,-2.435520824705622367e+00
9.165538099218929702e+00,1.743815456763804761e+01,9.695557908581377005e-01
1.126360858999551073e+00,-1.260272424965436144e+01,-2.101428464404130025e+01
5.510731491262468751e+00,-3.528734265254932723e+00,6.048699332212152946e+00
-6.359383696201344804e+00,-6.891092997902010353e+00,-8.353516032852981610e+00
-1.037536001346143699e+01,1.452647603194400183e+01,-5.631894320796551945e+00
3.472552940880854200e-01,-3.063729133922167946e+00,-1.385538703479080924e+00
4.109133100899676982e+00,-3.372810401990857798e+00,1.317740076370819224e+01
3.881705216611734510e+00,1.080548027466560512e+01,2.659916434672302099e+00
-3.406720256422521853e-01,2.932394691838275946e+00,4.209992897948983348e+00
3.089330948204051630e+00,-4.746091984642345274e+00,-1.263824648686425789e+01
-1.192420812628236293e+00,-8.992695064307438813e+00,1.935929004019523347e+01
1.120487442271904399e+01,1.290641010056679860e+01,3.850376741729447438e+00
1.784771660757900280e+00,5.837736076979064492e+00,-8.742070297678177226e+00
-3.156048301963172875e+01,-2.729060139430394827e+00,1.786873277827953688e+00
6.577759908813223255e+00,1.134406008547647104e+01,6.869384148912915933e+00
9.291697303680475528e+00,1.191494204307651295e+01,8.106629806544161099e-01
2.244455249399003804e+01,-4.830663246977247915e+00,1.596534170496909866e+01
-5.225842904586425419e+00,1.734931905317752543e-01,2.289610648553827676e+00
2.889689623464317680e+00,-1.889595373354807872e+00,-9.616421560531090762e+00
-4.380158806254187631e+00,-4.968759740847815465e+00,1.197810336181582436e+01
-1.439307919191554674e+01,-1.583044367812753528e+01,3.920840897173360595e+00
-2.509364369916761817e+00,3.852113758583105785e+00,1.548732817037318243e-01
-5.161379799158019033e+00,1.280147022766520370e+00,-2.649281985002367446e-01
-4.814923096337853536e+00,1.497516869015713858e+01,-3.146942083024418935e+01
-4.373793311330914868e+00,9.371709752405998017e+00,-3.535870825948964624e-01
-1.006421906461905103e+00,-7.278049655827016018e+00,-1.562205915527182043e+01
-5.654734436438508816e+00,1.983722785461903504e+00,3.946103286413529698e+00
-3.785204289167371172e+00,-1.325153121655016264e+01,1.284529998480257973e+01
9.055986958344274029e+00,1.045407041544276261e+01,-2.374169331784603543e+00
-4.393523839365991002e+00,2.923394739796834507e+00,1.553296779872555256e+01
-9.993073873099362459e+00,1.034697671167615241e+01,1.454928773699764299e+01
-9.113834425868358124e+00,-4.672430881370924993e+00,-1.665718317248001679e-01
7.325220550230502781e+00,9.078567856248271895e+00,-7.631021979700020275e+00
-1.003570402234945291e+01,-1.102907997690552033e+00,-1.280507127232694486e+01
-1.267516342300153021e+01,-6.598938418078461154e+00,-1.915949692869396870e+01
3.298255401254972519e+00,-6.132519879567103871e+00,-1.769306295407023999e+00
7.763182543614345121e+00,1.497253169168976328e+00,9.188978977447082030e+00
-1.630666402771490198e+01,-1.780787344889973411e+01,-6.772816161011549596e+00
-7.709049800811048847e+00,-5.950926684850603721e+00,-1.645490126006137999e+01
2.088120542705526361e+01,-1.199016984331906599e+01,-1.808634904410535071e+01
-1.984148691661173558e+01,-1.289231588464017975e+00,1.036824686257040717e+01
1.130292218550633976e+01,-1.393432153126572537e+01,2.852527801780503358e-01
5.773353689272098244e+00,3.070372532779911978e+01,8.675837423184393771e+00
-1.740731324527922652e+01,-5.862598372622125353e+00,-1.461223811914141635e+01
3.412169788914829027e+00,-5.351456901247160225e+00,1.348823237253582974e+01
-6.311533372466903380e+00,-9.614501366566948093e+00,7.800556950855126459e+00
7.014580381269843734e+00,2.178210061013930332e+00,5.063706849703525137e+00
7.374858019847236434e+00,-5.993376303087254442e-01,2.351925741155973970e+00
7.139549023327525390e+00,1.006598365757163371e+01,1.189241550139807302e+01
1.153681596022516409e+01,-2.995286705946013761e+00,-1.501721036366103768e+01
-7.008517859850822873e+00,-3.151330911147697478e+00,-1.130297812390379342e+01
-2.647806835871759290e+01,8.974517687291504231e+00,-4.722729026284372189e+00
-1.224754299507995636e+00,3.261344745234820319e+00,-6.949155635728434532e-01
-3.557552812402753784e+00,2.329445116274172500e-01,-8.399638447633612781e-01
-4.607832539439048247e+00,3.548786720261567496e+00,1.227707980889987383e+01
4.794831619530103062e+00,-7.268307908826122932e-02,-9.577932841580272694e+00
-6.947143372793318505e+00,6.554623945149136155e+00,-2.566568469725767354e+00
-1.336052084422125574e+01,5.328659431219393561e-01,-2.085901263843092490e+00
-2.040317355624164009e+01,-7.058464662426398917e+00,1.867548871256577980e+00
-9.355394256039891943e+00,-1.345118228012667494e+01,8.077099668601013249e+00
1.723174195043447599e-01,-8.207141997169786762e+00,-7.277872139262030693e+00
-1.657483373468384968e+01,2.657902998109081150e+00,-6.850053161028786253e-01
-1.790863890822152138e+00,-1.075995600847617339e+01,8.665954643862820994e-01
-3.971139162459121685e+00,-5.427114727973414432e+00,2.798369846846258113e+00
-3.975547824761971771e+00,-1.241871397536390909e+01,5.619253199105784802e-01
1.501055843680502733e+01,-1.634808157473018397e+01,-2.239038606931062247e+01
-5.032798635162922807e+00,1.328274206570443816e+01,2.362227896728599674e+01
-1.965828663796287046e+01,-4.650288562544965920e+00,2.976929368651780372e+00
-5.635617269705800680e+00,-9.463378499722516324e+00,2.368458039285296479e+01
-1.268464113604928123e+01,-1.517698998566364921e+01,-1.260247459821644433e+01
9.208566571498149500e+00,-1.598405465266566061e+01,-5.677123769435818090e+00
-5.106191076824009301e+00,-5.789157089209955309e+00,-9.559104870347749028e+00
-3.567421289065466183e+00,-2.353072939721106849e+01,-3.466741399346768393e+00
-9.597491679022031041e-01,3.032084097500128195e+00,-6.867517336984315435e+00
-6.130785931096671248e+00,-3.670646564252644684e+00,-5.051825382120245678e+00
6.797473408168325015e+00,-1.449532575307509319e+01,7.225167560947260981e+00
8.945298726068225292e+00,9.053563954819352944e+00,-9.603826643615713365e+00
2.223110770928548696e+00,-8.795258806953093478e-01,-2.080819482435520484e+01
-7.162677596518943979e+00,3.565079121154332009e-01,-2.290985618006369684e+00
2.004776650799101390e+01,-1.538036178278457911e+01,-5.911415223546705872e-02
-1.323439525314894105e+01,1.048118423226505413e+01,-3.379576658831253688e-01
7.911618986269020048e+00,-1.616580584220515204e+00,-1.102587278190661824e+00
-1.200180506395580693e+01,-8.375872332356157912e+00,-2.311518852449024664e+00
-1.566674361822883910e+01,1.608127316403602691e+01,-4.011126632708355899e+00
-1.435545735492784125e+01,-5.089910194582543568e+00,6.153462570320387570e+00
-1.934503803969936797e+01,2.125347546888673556e+00,6.727338245207771017e+00
-8.483966265986346400e+00,-2.369474353201988404e+00,-7.190018338167259770e+00
2.611200491683643321e+01,-3.566948441295483718e+00,1.511942261875653948e+00
6.133023865992920598e+00,-4.527555600013908332e-01,6.864770901199038988e+00
7.002369426008111297e+00,2.154787872281361061e+01,6.014046561447988992e+00
-9.672911594457819007e+00,1.060198089885048667e+01,-1.421345260615655359e+00
3.998775057857359538e+00,-2.070086486017453353e+01,-2.921298209173086136e+00
1.271893230597902225e+01,-8.667800114603018358e+00,9.452360481566477901e+00
6.065607132460806739e+00,1.004357146389841127e+01,1.330487831570901669e+01
-1.099744385076897979e+00,-6.267801081085469406e+00,2.096329126014113697e+01
8.651458674592459985e+00,-5.222781269010007499e+00,5.481962146306579520e+00
-1.544406309653864007e+01,-7.074874890051572329e+00,1.255428442617136220e+01
-4.202811108355880343e+00,-1.656841888391250706e+01,-2.979105714792464887e+00
-8.981953050828833440e+00,2.940863503917173105e+00,3.706318505627870685e+00
1.347485912439753974e+01,-6.361935117607631973e+00,-1.298001952136711523e+01
1.579091369754767049e+00,1.403875703112488438e+01,-5.373549517138830112e+00
-6.523193130039610210e+00,-4.867787555634679464e+00,-3.298018119592681785e+01
1.067196147563154796e+01,4.026047563084454772e+00,1.072630450227074483e+01
-3.135392350359901492e+00,9.455037493248807934e+00,1.049263583108493059e+01
1.055772229287423869e+01,2.794444009444805754e+00,1.063814354327604050e+01
-1.229882288494770215e-01,-7.193003557846397999e-01,8.853014603318111853e+00
-1.415993495889963683e+01,-4.395822858333161776e+00,1.082138733116920726e+01
-9.373725451171313949e+00,-3.402883639205891431e+00,1.306957099324859151e+00
-2.315417158934642394e+00,6.085715670948218303e+00,-1.238130645977095767e+01
4.065242812179654663e+00,-8.074883226440588757e+00,5.364187484559296948e+00
-6.776573305463523766e+00,-2.118456529512688391e+01,-1.906656556924896506e+01
3.615891532635275407e+00,-2.919011501031183009e+00,-1.171849849294182988e+01
4.595295030498404820e+00,2.135779534236095678e+00,-2.267990828230129985e+00
8.218252067535096739e-01,-8.884536011927760768e+00,6.039798198647905458e+00
9.430722868210663634e-01,4.476959978291744413e+00,-1.134838986493002722e+01
-1.098069167425333070e+01,-6.067494998384334259e+00,-4.582696280197838590e+00
-8.207789281229647571e+00,1.215891314198007045e+01,-2.500783042454301608e+00
2.482599970625611885e+00,-3.494978781532624978e+00,-9.774094406367890286e+00
3.662459038231995923e+00,-1.340963938373518793e+01,6.674335837639490343e+00
-3.420118134408725030e+00,-1.366838670319640414e+01,2.388727574951119870e+00
9.628433510182757615e+00,4.743652646635191594e+00,-9.376321435108032176e+00
8.667624484909179472e+00,7.892920802502314537e+00,1.747860404295333847e+00
-8.940647742201083048e+00,9.139976776482761522e+00,-2.844954130610005016e+00
-3.497976822013357801e+00,1.460700674992167158e+00,-8.563570989043135739e+00
-4.611549557822577583e+00,5.423657797870475861e+00,-1.229924325671200336e+01
6.646466694860961866e+00,-4.078634101766258624e+00,-8.295613268806466323e+00
-1.548429639081468911e+00,-1.426519515686406780e+00,5.965853856346248207e+00
2.944938169366618119e+00,-3.674078451517012178e-01,1.073194401841630397e+00
-1.386175031282964198e+01,2.089188598024407639e+01,-1.380655526921479392e+01
-1.295388651758775600e+00,-5.178222390392697605e+00,5.398541915443230366e+00
1.123176047774624564e+01,-9.228069192952627731e+00,5.787730525183488517e+00
-2.565481909492162149e+00,-2.022979411178747000e+01,-4.535862979546731566e+00
7.351437445696332951e+00,-4.433299083544653740e+00,-1.765452830707965548e+00
1.038433795157172312e+01,1.272078058333428530e+01,-1.132800819844974782e+01
1.820416310299684071e+01,1.134907659610520270e+01,2.145789128832734427e+00
-2.416010677180994382e+00,6.988716868408490157e+00,9.369101017715898649e+00
-6.524460390657685238e+00,-8.076771802078056339e+00,2.494788387802391227e+01
1.039604910157212636e+01,-9.340067631426387962e+00,5.159494497619933284e+00
-4.547831323936603276e+00,1.175981569851561481e+01,9.620311362619794693e+00
6.238357396660253684e+00,1.228978237115033068e+00,7.358592491791232426e+00
-9.899299283399713545e+00,-6.715727182128149453e-01,-1.074998303896327378e+01
-1.213190512059591875e+01,-2.775549484846185244e+00,-6.101408835980878465e+00
1.738842945817925312e+00,-1.385526398509800750e+01,4.289882487213730333e-01
2.270025312382096594e+00,-2.544534929340818596e+00,-1.230559163938776557e+01
-6.449403540380885147e+00,-1.486062091344807889e+01,4.204835923532578845e-01
-3.292053155990453117e+00,-3.135177982338350766e+00,4.511976005899425601e+00
1.090044498966807218e+01,-1.825128419812993386e+01,-2.329731302281383254e+00
-1.182223803016588981e+01,-7.590153712089890981e+00,8.007257712722715581e+00
9.976174245633284698e-01,4.383580420425845503e+00,1.550026471215714530e+01
-8.053042235614825017e+00,-1.473855359856856850e+01,-2.080537990160827189e+00
3.812571704309231091e+00,4.495226537185605054e+00,-4.133342986459177304e+00
-8.073209208464728448e+00,-3.807174271616027283e+00,1.039867128176101829e+01
3.223315969051561591e+00,1.030343362037037469e+00,-1.065007903816004520e+00
1.114144232548281721e+01,-4.484917776896094388e+00,1.373466380983032487e+01
2.254971460045625875e+01,-5.141020723919055513e+00,7.488115551519399560e+00
9.019113120241847525e+00,1.029858514972060490e+01,-6.795515093732916512e+00
7.871607231725057829e+00,-3.131768141155894192e+00,2.582608232351147226e+00
4.068830821658927732e+00,1.493689229827013021e+00,8.926320244621162914e+00
6.895536998905019921e+00,1.483827451904111250e+00,-8.622351261176291359e+00
-3.852405874101398897e+00,-1.803341879999053876e-01,-8.470904943954105093e+00
8.382819998152807983e+00,-3.135789117355306743e+00,-1.463555486828394869e+01
5.175915979935794553e+00,4.689135247168342957e+00,3.085034228589574212e+00
6.417523505922119398e+00,1.814703247391248908e+01,1.247703360161069241e+01
1.026051492653150810e+01,-1.484654006863278752e+01,-1.191821613746119368e+01
-9.065697678975048746e+00,1.383248363038466522e+01,-1.949361436252132984e+00
5.043073273570883863e+00,-4.970296577131286142e+00,-1.033437943408035231e+01
1.077200641551795002e+01,-6.169796341631711423e-01,-9.183886409122854033e+00
3.692545654928864440e+00,1.470179082178314722e+01,9.614394942729994398e+00
-1.064330669200015578e+01,1.672015293165230077e+01,-2.525969784709613641e+00
1.755971650175358789e+01,1.610142024577984188e+01,8.628853877248230830e+00
-5.674104378010334848e+00,1.617925284927423135e+01,5.980328477995099590e+00
-7.420247659279306518e+00,-9.267249669867344553e-01,-3.094508542473218071e+01
-1.992362336245541155e-01,-1.854385655363790519e+01,-8.882625256999688190e+00
8.487479829309577894e+00,4.518508326107829376e+00,1.678632940147623387e+01
-9.042958366059175579e-02,-2.788440705014487708e+00,1.522324635876414156e+01
1.038984275885326625e+01,-6.014520610621499230e+00,6.433652031086450895e-01
7.806023524439913430e-01,-6.932344688787508424e+00,2.321626030566986998e+01
2.132901354753979906e+00,2.014056224114902705e+01,2.551397660570267512e+00
-9.621151081995080290e+00,-2.181209522511834109e+01,5.491000532508207854e+00
-1.563627243196122940e+01,-3.540402274710733987e+00,8.671527830403533699e+00
-1.558342150951393279e+01,-3.979155471890358786e+00,-1.289616584573415548e+00
-3.835793631810311410e+00,2.828670873566363042e+00,2.812955371548373495e+00
-1.208912136753310840e+01,7.554506642110887071e+00,-8.501134825473124934e+00
-2.221140711885898344e+00,1.183380541976644729e+01,-1.879689359945842853e+01
-9.887340376416206666e+00,-6.463675114060877469e+00,-4.333350425092568514e+00
-1.890359266620378342e-01,3.160772825925148410e+00,-5.695732473552771680e+00
-2.628236451178883049e-01,1.461596247298657891e+00,-2.111870657091798975e+01
-6.261860866427500838e+00,7.716767975291572768e+00,-6.245211649768274143e+00
4.884221811917786482e+00,-2.406037011165901518e+01,4.256225419629951823e+00
1.186784950665389582e+00,-4.245248303349606012e+00,-1.002880603553575556e+00
-3.769121074198029664e-01,2.894465137432091328e+00,9.757474502955322038e+00
-1.032695932277315620e+01,9.518629398942438868e+00,-2.903745361339335140e+00
1.060312046072521674e+01,6.069289432227218395e-01,-1.906714876486950772e+01
1.484173540758508381e+01,2.597588001234853561e+00,-8.862356292640523492e+00
5.314306663101898920e+00,1.868803887867562352e+00,1.106377019922461713e+01
1.231359508646521306e+01,1.903882206859537973e+01,-5.921102820647581311e+00
1.721448011735366990e+01,2.200886478645036171e+00,1.235453978083242887e+01
-6.439166552580725345e+00,-8.516932541856519379e+00,-4.049579629742695808e+00
-5.415565228849564150e+00,6.919291383540617346e+00,1.653900723733132594e+01
-1.006908742841147397e+00,-7.753807187409778479e+00,1.329039913894623481e+01
-7.075012349233983366e-01,6.136793838717454541e+00,-2.391707975999270097e+00
-1.170255402820660484e-01,1.190324575568243226e+01,-1.378181238514823548e+01
-5.587995148485626062e-01,3.458330305126850135e+00,-2.464964821261322603e-01
-1.051258359893766370e+00,-3.068117853002312767e+00,-1.026511864492194448e+01
-7.227668908793286384e+00,6.852773068846818028e+00,-4.489808834040426966e+00
5.359897591086165036e+00,2.156081886876083153e+00,9.350078332255568725e+00
3.762924047028868735e+00,2.396207496762990274e+00,4.307044046514086233e+00
-1.185862263994279786e+01,-7.603917961220792776e+00,-8.268454795589937234e+00
1.420715436355701300e+00,1.417639439236010546e+00,-2.054925203330717043e+00
-1.148716441994691628e+01,1.103111211037770900e+01,-2.105463376908689455e+00
-4.865502723892111803e+00,1.252286253935419244e-02,-2.407822404202575317e+00
-1.226527234087253149e+01,-7.766494190412039700e+00,1.580266614513620382e+00
-9.518601573706690910e-01,3.024251634229596419e+00,-2.499266003385967494e+00
1.710900162544569447e+00,-4.655177378948079259e+00,-6.436492085240669070e+00
1.533374377002902378e+01,-5.974851998022355559e+00,4.430039378640278969e+00
5.401367431301069832e-02,1.410568785943956804e+01,-4.560283581649350104e+00
-4.405900605977969064e+00,8.516455512633990921e+00,3.726627518305936082e+00
-9.404308766337675651e-01,2.662748602004367360e+00,1.093737447744499924e+01
1.049022630791536770e+01,-1.658482138673811890e-01,9.776360636876219701e+00
9.585618845290088785e+00,7.288792881558534553e-01,4.860130564974565637e+00
1.741141262900220354e+01,-4.712393710835717009e+00,2.034432499635235203e+01
-2.738265977921899852e-02,7.410312708634732015e-01,-2.780052012645887416e+00
1.846355198493477090e+01,-5.366319516145052759e+00,7.898219414015289708e+00
9.344017184497488415e+00,5.691911996318623324e+00,-1.123934608905562271e+01
5.018166017012567259e+00,-3.674767060962376153e+00,-6.335609969952943565e+00
-1.873834904337640594e+01,5.745061078307274194e+00,1.606232380912913094e+00
2.665293945816476828e+00,-7.336748303501074986e+00,1.405133460331360773e+01
-1.588677791088855429e+01,-3.931796579616785081e+00,-4.601737561798017850e+00
-4.231009633735376418e+00,-5.878717267342682407e-01,1.443482000716184155e+00
4.193518097580914095e+00,7.666406768691949480e+00,1.150121437462532725e+01
-6.973517459444958710e+00,7.002677656292205732e+00,6.897264864673669393e+00
3.475430970484938431e+00,-1.291806769700378332e+00,-1.350096267160630248e+01
-1.272800571060215802e+01,3.279304874854970464e+00,-4.752030270640793752e+00
2.108189705655589830e+00,1.341681074991889311e+01,1.309021801279341268e+01
-7.301014000340030563e+00,1.098089693779887099e+01,1.396674316494309132e+01
-1.529904929511638478e+01,1.300997022148408355e+01,1.572094100698112484e+01
-4.828199185367402224e-01,-1.065475867360402873e+01,5.611774097535953132e+00
9.625798718486691996e+00,5.101378093155237714e+00,6.848574518218278229e+00
-1.598257074619728657e+00,-2.424504847114332229e+00,3.386536094816096742e+00
1.465909373078266631e+00,-4.989210529518006254e+00,3.405487445541570402e-02
-1.883041052679502769e+01,-7.671936280942297515e+00,-1.960281416756858874e+01
-1.283500773676311013e+01,-7.840822830582246716e+00,-9.124754479632544601e+00
1.240637000534099865e+00,-1.096525391632889068e+01,-5.900470724388910959e+00
1.341723718884884287e+00,-6.176537619450973793e+00,-5.323831750872796142e+00
-1.581862128125688383e+00,-3.329108898051087895e+00,-1.040072306440263894e+01
-8.110189341898845328e+00,-4.641851989065966855e+00,-2.587314064191341245e+00
2.330903711944532830e+00,-1.067372139045895629e+01,6.929730446435459434e+00
1.130147946339906539e+01,1.437420690003787982e+01,2.695991666081675397e+00
-9.434678427851984850e+00,4.602799699034629377e+00,8.686146485212081103e+00
-5.608117919428373455e+00,5.306493757126011346e+00,-1.984372334691737194e+01
-2.931654753020096926e+00,-2.034117254369446570e+00,1.688839638810258137e+01
-1.236827668071808972e+01,-9.046427572627479208e+00,1.544951077461834021e+00
2.561118291710203998e+00,4.872509115236417720e+00,-2.815027421128781793e+00
5.347255282156924139e+00,9.769834664936793089e+00,-5.638686499063975788e+00
-1.962923230407009356e+01,7.841982636506534377e+00,5.057072865819617569e+00
7.168145606078396348e+00,4.934228391710157702e+00,2.763307542080868373e+00
-7.878329271739353823e-01,-4.305631157323785096e+00,-2.974448043276543441e+00
-9.135345919858089303e+00,5.219405204788152730e+00,-1.463142828785331773e+01
8.548590855143165967e+00,-6.038291196673047923e-01,6.034260960889184844e+00
-1.450668158124935603e-01,-5.667560989784109493e-01,-1.450627039642775529e+01
-5.170911535687120697e+00,1.533713597569019260e+00,2.492501741629171708e+00
-2.124122693565397668e+01,6.694843649406679864e-01,2.337195398471774155e+00
1.882931631029379460e+01,1.920901037808604528e+01,-8.944661562323737769e+00
-1.203775478157468015e+01,-1.047389144028864116e+01,-1.216334269602961804e+01
-6.794496082251293423e+00,-3.099599382971736095e-01,8.096701253601310100e+00
-4.448682813496565913e+00,-1.547990012227489665e+01,1.146736846399276288e+01
-1.960820627711976272e+01,-4.624145508331078069e+00,8.051468943869682704e+00
5.274377816331323743e+00,-4.155175355776183466e+00,1.177169718553303390e+01
1.268523724862980151e+00,1.012074668223292306e+01,-1.912423568272486829e+00
1.430110964396374307e+00,2.648102520336129029e+00,6.377714836132772902e+00
1.914993785439327301e+00,-1.599055617972327248e+01,-4.833165629978458000e+00
-1.617337724554074185e+01,7.786278220169623232e+00,-6.125299909190436765e+00
1.484596052521012943e+01,-1.019593350874104232e+01,-7.082582930675619615e+00
4.278416791751102899e-01,5.497920626135410771e+00,-3.051687608983352007e+01
3.272905070214732426e+00,8.883153019904618475e+00,9.765830871141508496e+00
7.008763506953910594e-03,-7.535233169310986412e+00,1.184132912209022592e+01
-1.252096465550126680e+01,-4.536696931066072302e+00,5.482614312757240205e-01
-4.557647087922742202e+00,1.520633921020493773e+01,1.146841169564280705e+01
-1.880943856022920357e+00,9.453242805369365342e+00,1.260760398231204071e+01
9.453763641790892791e+00,-1.788536709519269241e+00,-3.006122936646412391e+00
-4.527892570966484342e+00,-9.729339785655476136e-02,8.341108354573854911e+00
6.660014932464774162e+00,6.389771696852840854e+00,-1.874589276713497554e+01
-4.436454708153984683e+00,2.057308351669861590e+00,1.411047581675750395e+00
-6.718774869734451372e+00,-1.599212848804674403e+00,1.442251668690190058e+01
-1.229609667763182301e+01,1.432851615917498833e+01,1.356595761937995448e+01
-2.177496792001853976e+01,1.505489468250522478e+01,9.890253743628287353e+00
5.749961581675277600e+00,7.995735695831488243e+00,5.703758582369636843e-01
-4.163241595989513932e+00,8.920108769531085002e+00,-2.391093515190112040e+00
-1.670561447158674895e+01,-2.865565399325982199e+00,-1.215523143520702298e+01
-9.113062434364048059e+00,-5.918785436855896975e+00,2.959885019596914635e+00
-6.599929836517961945e+00,-1.099457433339135370e+01,-8.055673606273170861e+00
6.830346331399574922e+00,6.254462713043928979e+00,-3.017578208076439061e+00
3.801860845486440432e+00,6.208286695228134811e+00,1.526985596306681714e+01
4.818528934208937464e+00,3.454492295584682182e+00,1.501025518852652141e+01
-9.689037240627833558e-01,-1.667410131552717800e+01,-5.420592491474057972e+00
-4.103834609128846012e+00,9.359395023790850754e-01,-4.784067827461650602e+00
5.276491749079398552e+00,-5.728230455173286551e+00,-1.094965464511779629e+01
2.494302667864734258e-01,-6.421055699053450638e+00,-6.667460917227121087e+00
-1.177077055007466289e+00,-1.171945248699055497e+01,-2.141787422666194374e+01
-7.930522100296403032e+00,-4.118679584145197303e+00,1.947980332826198335e+01
1.332875913288367187e+00,2.610768956606326352e+00,7.108474316402768167e+00
-3.920655567323910518e+00,-2.847740020777320691e+00,-7.146252273180379255e+00
-3.867099818351034113e+00,1.013954603975592228e+01,-5.222724083736109968e+00
2.715243198730384222e+00,1.240813342416670295e+01,-1.429507792363074259e+01
-1.032172791550304680e+01,1.043579484740192420e+01,-3.220016956000340436e+00
4.924485793462361372e+00,2.162530754833520419e+00,-9.929187067041887360e+00
5.359230269400823587e+00,-1.759722598299014251e+01,-3.444446346475171339e+00
-6.428888807879079570e-01,1.370605658696307216e+01,-7.129305150451274997e+00
6.041526001854884420e+00,-7.222668146691495039e+00,3.299847655054869655e+00
3.686249848487950231e+00,-8.455512386743711417e+00,1.538529716626697574e+00
-1.424866725309762572e+01,-2.215479863133246852e+00,1.175316633049711790e+00
9.356724077343070434e+00,-9.629116493085804862e+00,1.084935434268910370e+01
-2.603942908153697644e+01,-3.099037837026780906e+01,-8.350963389597930941e+00
-6.199073690119483171e-01,-1.039345615014264546e+01,1.273504373047240890e+01
2.228123151080010800e+00,-3.136779887381564436e+00,-1.065459938979530286e+01
1.248701286039662151e+01,1.005034060347584912e+00,1.149403932913713788e+01
-2.154664050197582892e+00,-3.126771640518112072e+00,8.218817796163113698e+00
1.044336660110728943e+01,7.454079449120378342e+00,5.094333843228491254e+00
-2.088127389750530583e+01,1.685364597228223627e+00,-9.366706035422939891e+00
2.539933431285284371e+00,1.604553657636051156e+01,-7.523781234026365894e+00
-1.310872579822042416e+00,1.822951958084290114e+00,-8.833800200111307177e+00
1.878217113994677501e+00,2.482466078054532943e+01,1.002756256064908769e+01
-4.871331816115571200e+00,1.415793098711373688e+01,-4.499548587862831184e+00
1.131388619380543048e+01,4.809098503447875927e+00,-7.561489747659381422e+00
-4.097503677386397314e+00,-7.937695015698215784e+00,-3.526320535529659850e+00
-8.531325585646387211e+00,5.022408550823072027e+00,-1.391944880230616732e+01
-2.345748145688344977e+01,-4.395587031050871119e+00,3.149314954596594163e+00
8.201095920811402706e+00,2.216239748128009168e+00,-6.111298866301574151e+00
4.192007271084307041e-01,-1.724711524196394308e+01,-1.329842862474212239e+01
7.070924302128611671e+00,-1.419930322879501539e+01,-3.713671505167655873e+00
-3.262463145871424164e+00,-3.850600701891611077e+00,-5.446389272416141125e+00
9.029621241674764320e+00,2.896532818712544533e+00,-1.093369741212888258e+01
1.607285982262791535e+01,-8.464567461790363012e+00,4.490699522358795548e+00
5.634321271489103111e+00,-1.737559750378946788e+01,-9.404869272522425661e+00
-9.772269652333978485e+00,9.049964574380556570e+00,-3.214647699134024483e-01
-1.440769932584643520e+01,-3.640311384897394031e+00,1.829167772959294425e+01
4.476949049001191838e+00,-1.031129211428371484e+01,-7.910097433755562957e-01
-1.247837253327630513e+01,-4.754617834758493089e+00,-9.327175437412513759e+00
4.119260033899282192e+00,5.697885501627930616e+00,-3.798263241472770613e+00
-4.878382633049426431e+00,-2.533034247469239375e+01,-8.874388436280280956e+00
-8.488690102294114581e+00,8.355002634728075250e+00,5.339038337131220224e+00
1.086736127201714552e+01,-6.857398177949494134e+00,-1.437692295828441402e+01
6.289911310873016248e+00,1.301854030113453131e+00,-1.195894288056854293e+01
4.599413144491689920e+00,1.322571089154738644e+01,1.563754098110933199e+01
-2.054242246205617572e+00,1.149914207489288742e+01,9.463120392223689947e+00
-2.460299957998093756e+00,2.000021413149296379e+00,-8.778121515633618976e-01
-2.657596135140223748e+00,-6.250435565232387525e+00,9.896690871796016253e+00
-1.959103239254342199e+01,5.807805673344216046e+00,1.093675906651136343e+00
-9.705780123245981272e+00,1.305488308415088028e+01,-1.205089273523404891e+01
-7.047658257371983481e+00,-1.102446696801255621e+00,-8.744137637764774595e+00
1.272967075009509408e+01,4.793068696581602728e-01,-9.230546080084462091e+00
-1.406140743000054760e+00,1.188993544418732995e+01,5.519055647800142239e+00
1.613475370777547324e-01,1.213230581938847052e+01,-1.825738552098249201e+00
1.357543555441152350e+01,9.575757790202388264e+00,-6.893752473888016041e+00
7.623815478855112460e+00,-1.282613725492704759e+01,-5.555640140239318292e+00
1.280903214041572724e+01,-6.239662693528462256e+00,-4.561187577859542763e+00
9.993044046467659314e+00,2.247997598081920234e+00,1.519775183228489368e+01
-6.604974950853085502e+00,1.740538892822569572e+00,1.674088589949964501e+01
1.528386366996055301e+01,-1.120099961456335080e+01,7.054035318898502993e+00
4.787617135506309074e-01,-5.367124351665771620e+00,2.862518819093629485e+00
-1.234931829041387097e+01,-5.835857981127108296e+00,-1.218466529445312574e+01
6.791707269412441406e+00,-1.251908342462808754e+01,-1.001670678676348913e+01
-6.729223206475792196e+00,6.459615922012307720e+00,1.833733774527497928e+01
2.999990563811047450e-01,1.700130712619496975e+01,2.177668489900598914e+01
-1.664033766802908687e+01,1.050691508700818666e+01,4.483093463023115177e+00
1.782578716609598324e+00,2.182482597209745379e+01,2.842964847731530131e+00
4.175867444830382524e+00,-9.115273392861880097e+00,-7.031910578513239640e-01
-6.529706081860434885e+00,-1.292496059197602065e+01,-1.912931500870154622e+00
-3.440470845627896068e+00,7.331006924804985836e+00,-3.044688195194762970e-01
5.300276883023179231e+00,-3.643568866661843764e+00,-9.804857805783250058e+00
-3.052594466420954430e-02,3.594482613319944342e+00,-3.040592924987250534e+00
1.178151285940733928e+01,1.673398930297790344e+01,2.712198257850514160e+00
-5.926853320236840084e+00,2.722743136651270746e+01,-1.086586535323534441e+00
2.341377688934229795e+01,-2.577107710234256999e+00,-1.638170485788767294e+01
-5.431775508169428335e+00,-6.216421401955089188e+00,6.156753587317390419e+00
-1.609242162740755688e+01,-1.131562510882829642e+01,1.095662563470257211e+01
1.851586251835285424e+01,-7.240642573370065227e-01,-1.251170482463610290e+00
-8.737211741265550558e+00,-6.364214099754911480e+00,3.201265148195636456e+00
-9.875332192291352840e+00,6.042741827780507835e-01,-9.884967167347562977e+00
-4.966796239942632418e+00,9.694488246585198254e+00,-2.469024728293402404e+01
-3.191263906104907733e+00,-5.065463119346011567e+00,-1.287222541862071346e+01
-1.039494729598868616e+01,-5.626760946382926676e+00,-8.736913481153129268e+00
8.228627240176324520e+00,4.949780696105518629e+00,1.177714889284544419e+01
1.884415098183405135e-01,-1.216546398958922026e+01,8.254133665996770119e+00
1.126880736251487036e+01,-5.433134342953813700e+00,1.760463958625144798e+01
-2.965081111213523357e-01,-1.854553263725038548e+01,-1.171461883498766454e+01
3.851282817072148923e+00,-1.721569969997851501e+01,9.847762165137813994e+00
1.414209043675536748e+01,8.282310029295945952e+00,-9.376318313639119495e+00
1.171163879387176809e+00,-1.282092929694942285e+01,-2.904840813070795225e+00
1.730488859103831345e+01,1.835578009165014990e+01,1.724298510815614449e+01
2.456046840867000203e+00,-1.006007188745362591e+01,-3.636822543727962209e+00
-1.092263686725629057e+01,5.982367120444196829e+00,-1.490902801256887145e+01
2.163247091430058333e+00,9.937451288402808558e+00,2.265071756947307335e+00
-2.517522205469099106e+01,2.904224821623560548e-01,1.615216788224968225e-01
-1.870451334293305479e+01,-1.073506878956867183e+01,1.290068607991254268e+01
4.098789858502018824e+00,-2.765996620565156050e+00,9.865751420804826921e+00
-2.197461894062577059e+01,-9.023289555991635069e+00,-7.094385970707510758e+00
1.193914015900312009e+01,7.983989635223897707e+00,-4.250857920053874306e-01
-4.059116656843928084e+00,5.975591454119579815e+00,-9.697409315842437039e+00
-7.250225378694152845e+00,-1.809976723132018606e+01,-4.908642178134300593e+00
-5.756252083415272836e+00,1.029281078450685882e+01,8.865565870666457515e-01
1.225667004640969537e+01,4.000559904177314330e+00,8.082828831246398948e+00
-2.470792139375983965e+00,6.696390001186054874e+00,1.951579443263787894e+01
4.798215986998091154e+00,-3.135222770792774227e+00,-2.176321438609458880e+01
-4.503229249767502829e+00,-9.295531196924237349e+00,-2.590984331821202247e+00
1.875707586671575555e+00,7.136413225658091442e+00,1.161903666705523364e+01
7.482487276102085971e+00,4.216575753562780138e-01,-7.888368223093985776e+00
-1.406528808173564116e+01,-9.999249577664940603e+00,1.015172315493379784e+01
6.354650917272851807e+00,-1.769434604585826465e+00,7.693546883672057746e+00
1.487148667585610973e+01,7.597451094681385797e+00,-2.393970206749880258e+00
-1.826528384317646214e+01,6.427285324331211136e-01,7.060927080838046876e+00
1.993228276709489766e+00,2.663753160986554569e+00,9.286200198923229010e+00
1.265431135709528832e+01,-6.547021873937440617e+00,-1.481414612114086893e+01
-6.709388000743671476e+00,1.317815097714125727e+01,1.189105977537571945e+01
-5.841995907676764688e-01,-1.178691934381140527e+01,1.225400087766137780e+01
2.449940347714279909e+01,1.938222927852156019e+01,1.760461584875499419e+00
3.185808185827108119e+00,-4.097784305424476692e+00,8.356992955376675525e+00
3.115320784122065589e+00,-6.130812509832087365e+00,-7.685205444664728880e+00
-4.528846430539577916e+00,7.312108630584055469e+00,7.328873212255225589e+00
4.892482918280464332e+00,1.049991346753455446e+01,1.028014158016359936e+01
-2.418021564417686875e+01,-1.460702335470857927e+00,-3.830364371570391224e+00
-1.752085300743359042e+01,-1.603849465751166292e+01,9.975987588125584393e-01
6.560566525643472813e-02,1.984706118912877626e+00,-1.496847488134329396e+01
-1.926267078824327328e+01,1.316071887445327895e-02,5.170271502022202315e-01
1.604981321807790806e+01,4.284413078660255003e+00,7.711427404472210867e+00
-1.124407549286233099e+01,-1.283317686796881318e+01,-4.920597727167108637e+00
1.151739420228381050e+01,9.311359053248478901e+00,-5.688393181719142433e+00
-6.689281596757568948e+00,-4.062677573420070409e+00,1.020288317087272389e+01
1.231108904666419335e+01,-2.054547013903053276e+00,-5.291061132568794179e+00
-6.412719061465858239e+00,-2.991420521964753387e+00,-1.195804334859232654e+01
-2.016860723032737468e+01,-9.555908452869458003e+00,-5.615041113398618222e+00
2.984105848285834472e+00,-1.690091736829687363e+01,-1.377648105578324345e-01
2.369323337460374213e-01,3.712383847242737733e+00,-1.177845590251206831e+00
8.205827855197789233e+00,1.390177065000898260e+01,5.802606952900365433e-01
6.225716936727896389e+00,-7.104965006219744694e+00,-5.831791160523862594e-01
6.155243503766361091e-01,-9.744873677929886568e+00,-1.703037376821330540e+01
1.159342434532457222e+00,-1.853080594573168227e+01,-8.924163232598155915e+00
-1.174807645378024468e+01,-8.188977028158383575e+00,-3.461526139193238372e+00
5.370979653420972610e+00,-8.016527454455523838e+00,1.040068131272286678e+01
6.453610259616597844e+00,-6.961951383560198714e+00,-7.496694582013228025e-01
-1.609207079111052208e+00,-1.538390401101328919e+01,-4.243203740821525294e+00
-4.734595591346288934e+00,1.353892444624254310e+01,-3.066742174131863230e+00
2.902297147854988424e+01,-5.931179517649997734e+00,1.001955735199632969e+01
7.541107694847475784e+00,-8.663808041772801616e+00,1.689697784453680640e+01
1.510387815356865282e+00,2.055292468916618631e+01,-9.332082825088324540e+00
1.397312558491251799e+01,-1.283044835089981284e+01,-7.187444742963088551e+00
1.108924807278137692e+01,8.453394264947531767e+00,-4.575287680926586553e+00
-1.834603402621252766e+00,-1.753962627895955251e+00,8.124220918394742696e+00
-1.894084323763361721e-01,2.032858657039041006e+01,1.503441195960790999e+01
1.762828842069818336e+01,5.734589891625270219e-01,4.681008408885256600e+00
-1.030886176211506911e+00,6.693353041822629024e+00,1.540609877376985626e+00
1.276470520798943520e+00,-1.082513247779947108e+01,1.420976904271527630e+01
2.648926288530660145e+00,-9.342042105826312337e+00,5.443897358721346613e+00
-2.513815765135596902e-01,-5.056597194381600602e+00,6.070545436476018963e+00
-8.019780289727696854e+00,6.789125767645956877e+00,3.500576491844493265e+00
-2.516666994103435329e+01,3.884517926662841347e+00,5.705079579201600026e+00
-2.772135481498336773e+00,2.322474429917944150e+01,-4.292723985410043852e+00
-5.177672918911989441e+00,1.104030125664536843e+00,-9.221595114536469850e+00
5.583256007007296517e+00,-2.054221759534493685e+01,2.524229533904329248e+00
2.124297019343810078e+01,1.324268240820916098e+00,-1.244071490279277548e+00
1.354302884700475218e+00,1.475664336343460725e+01,1.828116032259303836e+01
2.174873129270009642e+01,-1.614875506994282972e+01,-9.741570802558825903e+00
-1.323785569829665043e+01,1.432711622279496666e+00,1.472391478700503953e+01
1.063670845378602792e+01,-5.119734384533742855e+00,-1.879370140291502178e+00
1.028779238407814711e+00,-5.692417478603681857e+00,1.520839045701305636e+01
1.474945465169005487e+01,8.240912561238598499e+00,-1.628555147301206985e+00
-1.316917825549424492e+00,-2.916938335670499871e+00,2.550664545122166338e+00
1.547619522162581918e+00,-2.322612405403064351e+00,-1.194733079136794096e+01
1.508439404836909148e+01,-1.590226339309777615e+01,2.684033330716580901e-01
4.551730679098842103e+00,-1.714627340960203838e+01,2.199742812289427363e+01
2.493103469783382931e+00,-1.603661607181114590e+01,3.711577249215515018e+00
6.558823057268830858e+00,-2.789156735767645223e+00,-2.784128944901298475e+00
